CRIM,ZN,INDUS,CHAS,NOX,RM,AGE,DIS,RAD,TAX,PTRATIO,B,LSTAT,MEDV
-5.064036070823371,18.0,0.8372475245337022,0,0.538,6.575,65.2,1.4085449700547104,0.0,296.0,15.3,396.9,1.6054298910365616,24.0
-3.6005023434965233,0.0,1.9558604799084813,0,0.469,6.421,78.9,1.602836168799538,0.6931471805599453,242.0,17.8,396.9,2.2126603854660587,21.6
-3.60123494426189,0.0,1.9558604799084813,0,0.469,7.185,61.1,1.602836168799538,0.6931471805599453,242.0,17.8,392.83,1.3937663759585917,34.7
-3.430523211043984,0.0,0.7793248768009977,0,0.458,6.998,45.8,1.802072770503119,1.0986122886681098,222.0,18.7,394.63,1.0784095813505903,33.4
-2.672924399126836,0.0,0.7793248768009977,0,0.458,7.147,54.2,1.802072770503119,1.0986122886681098,222.0,18.7,396.9,1.673351238177753,36.2
-3.511570439143526,0.0,0.7793248768009977,0,0.458,6.43,58.7,1.802072770503119,1.0986122886681098,222.0,18.7,394.12,1.6505798557652755,28.7
-2.427128428068646,12.5,2.063058062429312,0,0.524,6.012,66.6,1.7156880322767596,1.6094379124341003,311.0,15.2,395.6,2.5201129055226197,22.9
-1.934129810519782,12.5,2.063058062429312,0,0.524,6.172,96.1,1.7834752496403574,1.6094379124341003,311.0,15.2,396.9,2.952302715626655,27.1
-1.5547603511434045,12.5,2.063058062429312,0,0.524,5.631,100.0,1.805350031079887,1.6094379124341003,311.0,15.2,386.63,3.3988613218646075,16.5
-1.7717215754915476,12.5,2.063058062429312,0,0.524,6.004,85.9,1.8858719623950215,1.6094379124341003,311.0,15.2,386.71,2.8390784635086144,18.9
-1.492143885211743,12.5,2.063058062429312,0,0.524,6.377,94.3,1.8479349927821578,1.6094379124341003,311.0,15.2,392.52,3.017982882488811,15.0
-2.1415722971463422,12.5,2.063058062429312,0,0.524,6.009,82.9,1.8288464974373158,1.6094379124341003,311.0,15.2,396.9,2.5855058483441162,18.9
-2.3668036653206967,12.5,2.063058062429312,0,0.524,5.889,39.0,1.6957807326561167,1.6094379124341003,311.0,15.2,390.5,2.75429745226753,21.7
-0.46241648455830314,0.0,2.096790180014449,0,0.538,5.949,61.8,1.5491569815491704,1.3862943611198906,307.0,21.0,396.9,2.1114245875328868,20.4
-0.4494796935275836,0.0,2.096790180014449,0,0.538,6.096,84.5,1.4955746842845248,1.3862943611198906,307.0,21.0,380.02,2.3282528397426234,18.2
-0.4661869221476103,0.0,2.096790180014449,0,0.538,5.834,56.5,1.5037662372600613,1.3862943611198906,307.0,21.0,395.62,2.136530508663963,19.9
0.05252603425144661,0.0,2.096790180014449,0,0.538,5.935,29.3,1.5037662372600613,1.3862943611198906,307.0,21.0,386.85,1.884034745337226,23.1
-0.2430911891239058,0.0,2.096790180014449,0,0.538,5.99,81.7,1.4487760809911847,1.3862943611198906,307.0,21.0,386.75,2.6858045921548905,17.5
-0.2197617759678016,0.0,2.096790180014449,0,0.538,5.456,36.6,1.3340795896711515,1.3862943611198906,307.0,21.0,288.99,2.458733775483977,20.2
-0.3204807842031671,0.0,2.096790180014449,0,0.538,5.727,69.5,1.3340795896711515,1.3862943611198906,307.0,21.0,390.95,2.423031246069913,18.2
0.22457452697999086,0.0,2.096790180014449,0,0.538,5.57,98.1,1.3344482823962802,1.3862943611198906,307.0,21.0,376.57,3.045474365448805,13.6
-0.16012180489805353,0.0,2.096790180014449,0,0.538,5.965,89.2,1.3893646429771087,1.3862943611198906,307.0,21.0,392.53,2.626840145676667,19.6
0.20902028586767582,0.0,2.096790180014449,0,0.538,6.142,91.7,1.3805026213280807,1.3862943611198906,307.0,21.0,396.9,2.929592471049446,15.2
-0.011637453244120865,0.0,2.096790180014449,0,0.538,5.813,100.0,1.4098155561612364,1.3862943611198906,307.0,21.0,394.54,2.989714201228428,14.5
-0.2873354658601195,0.0,2.096790180014449,0,0.538,5.924,94.1,1.4815136277008245,1.3862943611198906,307.0,21.0,394.33,2.791165107812717,15.6
-0.17371073654605956,0.0,2.096790180014449,0,0.538,5.599,85.7,1.4939372701352471,1.3862943611198906,307.0,21.0,303.42,2.8039662579320366,13.9
-0.397630875999648,0.0,2.096790180014449,0,0.538,5.813,90.3,1.5437253690687192,1.3862943611198906,307.0,21.0,376.88,2.6953026282797072,16.6
-0.04523798065019422,0.0,2.096790180014449,0,0.538,6.047,88.8,1.49366784938822,1.3862943611198906,307.0,21.0,306.38,2.8495497633759097,14.8
-0.2574891670890018,0.0,2.096790180014449,0,0.538,6.495,94.4,1.4939597185879885,1.3862943611198906,307.0,21.0,387.94,2.5494451709255714,18.4
0.002447003643051847,0.0,2.096790180014449,0,0.538,6.674,87.3,1.4443273923705,1.3862943611198906,307.0,21.0,380.23,2.4832385926873033,21.0
0.12293419009497764,0.0,2.096790180014449,0,0.538,5.713,94.1,1.4429109615387865,1.3862943611198906,307.0,21.0,360.17,3.1179499062782403,12.7
0.3035947909118301,0.0,2.096790180014449,0,0.538,6.072,100.0,1.4291143583028187,1.3862943611198906,307.0,21.0,376.73,2.5680215564985067,14.5
0.3278566574477085,0.0,2.096790180014449,0,0.538,5.95,82.0,1.3837912309017721,1.3862943611198906,307.0,21.0,232.6,3.321793358874887,13.2
0.14125647717535533,0.0,2.096790180014449,0,0.538,5.701,95.0,1.3316269597775825,1.3862943611198906,307.0,21.0,358.77,2.9096295745005794,13.1
0.4779841996116741,0.0,2.096790180014449,0,0.538,6.096,96.9,1.324365764497724,1.3862943611198906,307.0,21.0,248.31,3.012589390620414,13.5
-2.746219467219713,0.0,1.7850704810772584,0,0.499,5.933,68.2,1.2120302557036664,1.6094379124341003,279.0,19.2,396.9,2.2700619012884857,18.9
-2.3285184750205503,0.0,1.7850704810772584,0,0.499,5.841,61.4,1.2172542146318501,1.6094379124341003,279.0,19.2,377.56,2.4344901638739844,20.0
-2.5239801737741385,0.0,1.7850704810772584,0,0.499,5.85,41.5,1.3697075575154918,1.6094379124341003,279.0,19.2,396.9,2.1713368063840917,21.0
-1.7426836315814622,0.0,1.7850704810772584,0,0.499,5.966,30.2,1.3473716035734287,1.6094379124341003,279.0,19.2,393.43,2.315501318260592,24.7
-3.5888531400468118,75.0,1.0818051703517284,0,0.428,6.595,21.8,1.68660263652915,1.0986122886681098,252.0,18.3,395.63,1.463255402256019,30.8
-3.393526875357936,75.0,1.0818051703517284,0,0.428,7.024,15.8,1.68660263652915,1.0986122886681098,252.0,18.3,395.62,0.6830968447064438,34.9
-2.060109613380344,0.0,1.9329696377795786,0,0.448,6.77,2.9,1.7441261356719917,1.0986122886681098,233.0,17.9,385.41,1.5769147207285403,26.6
-1.9554555618988447,0.0,1.9329696377795786,0,0.448,6.169,6.6,1.7441261356719917,1.0986122886681098,233.0,17.9,383.37,1.7595805708638197,25.3
-1.8365894851458489,0.0,1.9329696377795786,0,0.448,6.211,6.5,1.7441261356719917,1.0986122886681098,233.0,17.9,394.46,2.0068708488450007,24.7
-2.0980944301790454,0.0,1.9329696377795786,0,0.448,6.069,40.0,1.7441261356719917,1.0986122886681098,233.0,17.9,389.39,2.256541154492639,21.2
-1.7636385935114003,0.0,1.9329696377795786,0,0.448,5.682,33.8,1.6293189680272497,1.0986122886681098,233.0,17.9,396.9,2.3233676321765744,19.3
-1.6694002536067831,0.0,1.9329696377795786,0,0.448,5.786,33.3,1.6293189680272497,1.0986122886681098,233.0,17.9,396.9,2.649714624089247,20.0
-1.4728549306475665,0.0,1.9329696377795786,0,0.448,6.03,85.5,1.7386047944235348,1.0986122886681098,233.0,17.9,392.74,2.9338568698359038,16.6
-1.3709329540071915,0.0,1.9329696377795786,0,0.448,5.399,95.3,1.7698546338400052,1.0986122886681098,233.0,17.9,396.9,3.4278393126085764,14.4
-1.5151737340440177,0.0,1.9329696377795786,0,0.448,5.602,62.0,1.806270342078466,1.0986122886681098,233.0,17.9,396.9,2.785011242238338,19.4
-2.422157228134891,21.0,1.7298840655099674,0,0.439,5.963,45.7,1.9190820436366434,1.3862943611198906,243.0,16.8,395.56,2.598979106047848,19.7
-3.137987321134862,21.0,1.7298840655099674,0,0.439,6.115,63.0,1.9190820436366434,1.3862943611198906,243.0,16.8,393.97,2.2438960966453663,20.5
-2.926206210905381,21.0,1.7298840655099674,0,0.439,6.511,21.1,1.9190820436366434,1.3862943611198906,243.0,16.8,396.9,1.6639260977181702,25.0
-2.9995395118969452,21.0,1.7298840655099674,0,0.439,5.998,21.4,1.9190820436366434,1.3862943611198906,243.0,16.8,396.9,2.131796772013764,23.4
-4.29768548624013,75.0,1.3862943611198906,0,0.41,5.888,47.6,1.990569343526812,1.0986122886681098,469.0,21.1,396.9,2.6946271807700692,18.9
-4.334379981206529,90.0,0.19885085874516517,0,0.403,7.249,21.9,2.162932144678819,1.6094379124341003,226.0,17.9,395.93,1.5706970841176697,35.4
-3.8848943380398935,85.0,-0.3011050927839216,0,0.41,6.383,35.7,2.2178547488334623,0.6931471805599453,313.0,17.3,396.9,1.7526720805200082,24.7
-4.2460981174496375,100.0,0.27763173659827955,0,0.411,6.816,40.5,2.119239011553902,1.6094379124341003,256.0,15.1,392.9,1.3737155789130306,31.6
-1.8678848596175464,25.0,1.6351056591826783,0,0.453,6.145,29.2,2.0560193717353434,2.0794415416798357,284.0,19.7,390.68,1.925707441737794,23.3
-2.27031153244375,25.0,1.6351056591826783,0,0.453,5.927,47.2,1.9361483718533596,2.0794415416798357,284.0,19.7,396.9,2.2213750375685026,19.6
-1.901663624935754,25.0,1.6351056591826783,0,0.453,5.741,66.2,1.977602595787803,2.0794415416798357,284.0,19.7,395.11,2.5764217586237734,18.7
-1.7619482716564259,25.0,1.6351056591826783,0,0.453,5.966,93.4,1.9196395063157516,2.0794415416798357,284.0,19.7,378.08,2.67000213346468,16.0
-2.20482337521155,25.0,1.6351056591826783,0,0.453,6.456,67.8,1.9776164357562482,2.0794415416798357,284.0,19.7,396.9,1.9065751436566365,22.2
-2.0675129708145623,25.0,1.6351056591826783,0,0.453,6.762,43.4,2.077051187057198,2.0794415416798357,284.0,19.7,395.58,2.2512917986064953,25.0
-3.9368281243471173,17.5,0.3220834991691132,0,0.4161,7.104,59.5,2.221689521735732,1.0986122886681098,216.0,18.6,393.24,2.0856720914304723,33.0
-3.3286906908754075,80.0,1.2149127443642704,0,0.398,6.29,17.8,1.8888105570147407,1.3862943611198906,337.0,16.1,396.9,1.541159071680806,23.5
-3.12834979816883,80.0,1.2149127443642704,0,0.398,5.787,31.1,1.8888105570147407,1.3862943611198906,337.0,16.1,396.9,2.3263016196113617,19.4
-2.849210620891224,12.5,1.803358605071407,0,0.409,5.878,21.4,1.8714944372469087,1.3862943611198906,345.0,18.9,396.21,2.0918640616783932,22.0
-1.99848847927417,12.5,1.803358605071407,0,0.409,5.594,36.8,1.8714944372469087,1.3862943611198906,345.0,18.9,396.9,2.5718485799218085,17.4
-2.054475795662088,12.5,1.803358605071407,0,0.409,5.885,33.0,1.8714944372469087,1.3862943611198906,345.0,18.9,396.9,2.1736147116970854,20.9
-2.4274682751407357,0.0,2.3804716316511167,0,0.413,6.417,6.6,1.665307718597909,1.3862943611198906,305.0,19.2,383.73,1.9050881545350582,24.2
-1.8403616510672725,0.0,2.3804716316511167,0,0.413,5.961,17.5,1.665307718597909,1.3862943611198906,305.0,19.2,376.94,2.2905125117597764,21.7
-2.389887421396842,0.0,2.3804716316511167,0,0.413,6.065,7.8,1.665307718597909,1.3862943611198906,305.0,19.2,390.91,1.7083778602890038,22.8
-1.632757717755717,0.0,2.3804716316511167,0,0.413,6.245,6.2,1.665307718597909,1.3862943611198906,305.0,19.2,377.17,2.020222182019865,23.4
-2.538813883856911,0.0,2.551786178627545,0,0.437,6.273,6.0,1.4472718618437102,1.6094379124341003,398.0,18.7,394.92,1.9139771019523042,24.1
-2.3526160265996108,0.0,2.551786178627545,0,0.437,6.286,45.0,1.5046550077047365,1.6094379124341003,398.0,18.7,383.23,2.190535589185423,21.4
-2.2874009576690058,0.0,2.551786178627545,0,0.437,6.279,74.5,1.3992599435099138,1.6094379124341003,398.0,18.7,373.66,2.482403519569882,20.0
-2.441042886141613,0.0,2.551786178627545,0,0.437,6.14,45.8,1.4086672119716157,1.6094379124341003,398.0,18.7,386.96,2.329227023940467,20.8
-2.8742228561567935,0.0,2.551786178627545,0,0.437,6.232,53.7,1.6122539436935819,1.6094379124341003,398.0,18.7,386.4,2.5128460184772416,21.2
-2.478487297985817,0.0,2.551786178627545,0,0.437,5.874,36.6,1.5046550077047365,1.6094379124341003,398.0,18.7,396.06,2.2082744135228043,20.3
-3.1910174967398044,25.0,1.5810384379124025,0,0.426,6.727,33.5,1.6865285747986638,1.3862943611198906,281.0,19.0,396.9,1.665818245870208,28.0
-3.1095730899777507,25.0,1.5810384379124025,0,0.426,6.619,70.4,1.6865285747986638,1.3862943611198906,281.0,19.0,395.63,1.9768549529047348,23.9
-3.3079802999510215,25.0,1.5810384379124025,0,0.426,6.302,32.2,1.6865285747986638,1.3862943611198906,281.0,19.0,396.9,1.9050881545350582,24.8
-3.3379409320271405,25.0,1.5810384379124025,0,0.426,6.167,46.7,1.6865285747986638,1.3862943611198906,281.0,19.0,390.64,2.0162354657760435,22.9
-2.9840013506782923,0.0,1.501852701754163,0,0.449,6.389,48.0,1.5643150156121397,1.0986122886681098,247.0,18.5,396.9,2.263844264677615,23.9
-2.8585824354067575,0.0,1.501852701754163,0,0.449,6.63,56.1,1.4901362242084286,1.0986122886681098,247.0,18.5,392.3,1.8764069432883397,26.6
-2.958821919533894,0.0,1.501852701754163,0,0.449,6.015,45.1,1.4877673300505243,1.0986122886681098,247.0,18.5,395.99,2.554121718809473,22.5
-2.6379179789218323,0.0,1.501852701754163,0,0.449,6.121,56.8,1.321115635094896,1.0986122886681098,247.0,18.5,395.15,2.1329823086078656,22.2
-2.871746293773,0.0,1.2267122912954254,0,0.489,7.007,86.3,1.2301375035965438,0.6931471805599453,270.0,17.8,396.9,1.7047480922384253,23.6
-2.9370860781212573,0.0,1.2267122912954254,0,0.489,7.079,63.1,1.2280310694190069,0.6931471805599453,270.0,17.8,396.06,1.7404661748405046,28.7
-3.0610177402526206,0.0,1.2267122912954254,0,0.489,6.417,66.1,1.1289151505981556,0.6931471805599453,270.0,17.8,392.18,2.175887439948088,22.6
-3.2360219837031714,0.0,1.2267122912954254,0,0.489,6.405,73.9,1.1288504717287196,0.6931471805599453,270.0,17.8,393.55,2.1041341542702074,22.0
-3.1693716299651116,28.0,2.7107133185216936,0,0.464,6.442,53.6,1.2990738713586183,1.3862943611198906,270.0,18.2,395.01,2.0992441689760155,22.9
-3.5491175117387774,28.0,2.7107133185216936,0,0.464,6.211,28.9,1.2990738713586183,1.3862943611198906,270.0,18.2,396.33,1.8261608959453874,25.0
-3.147951486531502,28.0,2.7107133185216936,0,0.464,6.249,77.3,1.285091855610728,1.3862943611198906,270.0,18.2,396.9,2.359910159613315,20.6
-2.103406419133668,0.0,1.0612565021243408,0,0.445,6.625,57.8,1.251390598655089,0.6931471805599453,276.0,18.0,357.98,1.8946168546677629,28.4
-2.1624753850094005,0.0,1.0612565021243408,0,0.445,6.163,69.6,1.251390598655089,0.6931471805599453,276.0,18.0,391.83,2.428336298299606,21.4
-2.1133706799429204,0.0,1.0612565021243408,0,0.445,8.069,76.0,1.251390598655089,0.6931471805599453,276.0,18.0,396.9,1.43746264769429,38.7
-2.5026226555937803,0.0,1.0612565021243408,0,0.445,7.82,36.9,1.251390598655089,0.6931471805599453,276.0,18.0,393.53,1.2725655957915476,43.8
-2.6794627442502974,0.0,1.0612565021243408,0,0.445,7.416,62.5,1.251390598655089,0.6931471805599453,276.0,18.0,396.9,1.8229350866965048,33.2
-1.9060934596849897,0.0,2.1471001901536506,0,0.52,6.727,79.9,1.0216592474999815,1.6094379124341003,384.0,20.9,394.76,2.2428350885882717,27.5
-2.168753745360525,0.0,2.1471001901536506,0,0.52,6.781,71.3,1.0494570578699642,1.6094379124341003,384.0,20.9,395.58,2.0373166153791646,26.5
-1.4750818599350217,0.0,2.1471001901536506,0,0.52,6.405,85.4,0.9986814500430602,1.6094379124341003,384.0,20.9,70.8,2.363680192353857,18.6
-1.5530103211354571,0.0,2.1471001901536506,0,0.52,6.137,87.4,0.9986814500430602,1.6094379124341003,384.0,20.9,394.47,2.5982353350950036,19.3
-1.968974088653865,0.0,2.1471001901536506,0,0.52,6.167,90.0,0.8841806779559214,1.6094379124341003,384.0,20.9,392.69,2.512035317176253,20.1
-2.0202673830414155,0.0,2.1471001901536506,0,0.52,5.851,96.7,0.7452176728509474,1.6094379124341003,384.0,20.9,394.05,2.8015405441895487,19.5
-1.7649228152744953,0.0,2.1471001901536506,0,0.52,5.836,91.9,0.7934449018753091,1.6094379124341003,384.0,20.9,395.67,2.926382195419198,19.5
-2.0312610871550825,0.0,2.1471001901536506,0,0.52,6.127,85.2,0.7525475238413928,1.6094379124341003,384.0,20.9,387.69,2.645465325910589,20.4
-2.0555687772682796,0.0,2.1471001901536506,0,0.52,6.474,97.1,0.8890839614359387,1.6094379124341003,384.0,20.9,395.24,2.50715725872282,19.8
-1.3332086740283011,0.0,2.1471001901536506,0,0.52,6.229,91.2,0.9341699419613918,1.6094379124341003,384.0,20.9,391.23,2.744060638625243,19.4
-2.2262724101448823,0.0,2.1471001901536506,0,0.52,6.195,54.4,1.0216592474999815,1.6094379124341003,384.0,20.9,393.49,2.5649493574615367,21.7
-2.294220176662418,0.0,2.303584593327129,0,0.547,6.715,81.6,0.9848835233397668,1.791759469228055,432.0,17.8,395.59,2.318458442150336,22.8
-2.0932159751016757,0.0,2.303584593327129,0,0.547,5.913,92.9,0.8558610910476916,1.791759469228055,432.0,17.8,394.95,2.785628335747585,18.8
-1.5045375026087306,0.0,2.303584593327129,0,0.547,6.092,95.4,0.935308737709917,1.791759469228055,432.0,17.8,396.9,2.8384934971274993,18.7
-1.9497475022865685,0.0,2.303584593327129,0,0.547,6.254,84.2,0.8138149402849189,1.791759469228055,432.0,17.8,388.74,2.34660197841082,18.5
-1.764105392446239,0.0,2.303584593327129,0,0.547,5.928,88.2,0.9014207192074265,1.791759469228055,432.0,17.8,344.91,2.757475084429733,18.3
-2.028140247324285,0.0,2.303584593327129,0,0.547,6.176,72.5,1.0043382385626352,1.791759469228055,432.0,17.8,393.3,2.488234439880675,21.2
-1.8906079012706583,0.0,2.303584593327129,0,0.547,6.021,82.6,1.0106550099089677,1.791759469228055,432.0,17.8,394.51,2.33214389523559,19.2
-2.0357692132236496,0.0,2.303584593327129,0,0.547,5.872,73.1,0.907249987222006,1.791759469228055,432.0,17.8,338.63,2.7324175575505043,20.4
-1.9326780802865953,0.0,2.303584593327129,0,0.547,5.731,65.2,1.0149407826404941,1.791759469228055,432.0,17.8,391.5,2.6108048166633746,19.3
-2.67379371242412,0.0,3.2445435716167785,0,0.581,5.87,69.7,0.8143465959617898,0.6931471805599453,188.0,19.1,389.15,2.6651427000909336,22.0
-2.635962124707956,0.0,3.2445435716167785,0,0.581,6.004,84.1,0.7872748432846436,0.6931471805599453,188.0,19.1,377.67,2.658159431488745,20.3
-2.3752633184920313,0.0,3.2445435716167785,0,0.581,5.961,92.9,0.7356797112786478,0.6931471805599453,188.0,19.1,378.09,2.8864752876170416,20.5
-1.8945898550322564,0.0,3.2445435716167785,0,0.581,5.856,97.0,0.6649534461891633,0.6931471805599453,188.0,19.1,370.31,3.2351427973320726,17.3
-2.317800258800526,0.0,3.2445435716167785,0,0.581,5.879,95.8,0.6962922297040182,0.6931471805599453,188.0,19.1,379.38,2.866761892257031,18.8
-1.7777382278658007,0.0,3.2445435716167785,0,0.581,5.986,88.4,0.6895908643571681,0.6931471805599453,188.0,19.1,385.02,2.6953026282797072,21.4
-0.9484266019042255,0.0,3.2445435716167785,0,0.581,5.613,95.6,0.5637216331194875,0.6931471805599453,188.0,19.1,359.29,3.3054204262683866,15.7
-1.3503482343464215,0.0,3.0860299115347716,0,0.624,5.693,96.0,0.5812654479118535,1.3862943611198906,437.0,21.2,392.11,2.844327819394758,16.2
-1.1226078942243305,0.0,3.0860299115347716,0,0.624,6.431,98.8,0.5947071077466928,1.3862943611198906,437.0,21.2,396.9,2.733717947850788,18.0
-0.12641392485565867,0.0,3.0860299115347716,0,0.624,5.637,94.7,0.6830463383805158,1.3862943611198906,437.0,21.2,396.9,2.9090844668283187,14.3
-1.0786332063527975,0.0,3.0860299115347716,0,0.624,6.458,98.9,0.7507082910844769,1.3862943611198906,437.0,21.2,395.04,2.533696813957432,19.2
0.17642084847298606,0.0,3.0860299115347716,0,0.624,6.326,97.7,0.8202202631234213,1.3862943611198906,437.0,21.2,396.9,2.506341930508065,19.6
-0.5275479999103794,0.0,3.0860299115347716,0,0.624,6.372,97.9,0.8447517646918394,1.3862943611198906,437.0,21.2,385.76,2.4087452888224363,23.0
-1.109208227881513,0.0,3.0860299115347716,0,0.624,5.822,95.4,0.9041776639903529,1.3862943611198906,437.0,21.2,388.69,2.710048203764883,18.4
-0.024118527408807683,0.0,3.0860299115347716,0,0.624,5.757,98.4,0.8527117502312838,1.3862943611198906,437.0,21.2,262.76,2.851284369188118,15.6
-0.5837906595767728,0.0,3.0860299115347716,0,0.624,6.335,98.2,0.747019646024435,1.3862943611198906,437.0,21.2,394.67,2.830857630363757,18.1
-1.1312181284170244,0.0,3.0860299115347716,0,0.624,5.942,93.5,0.6764586992737099,1.3862943611198906,437.0,21.2,378.25,2.8273136219290276,17.4
-1.0431870425626997,0.0,3.0860299115347716,0,0.624,6.454,98.4,0.6150775251380227,1.3862943611198906,437.0,21.2,394.08,2.6803363625346943,17.1
-1.3870946812906597,0.0,3.0860299115347716,0,0.624,5.857,98.2,0.5119849514858371,1.3862943611198906,437.0,21.2,392.04,3.0596455992976437,13.3
-0.6078506063378647,0.0,3.0860299115347716,0,0.624,6.151,97.9,0.5120448801707201,1.3862943611198906,437.0,21.2,396.9,2.9156062290747062,17.8
-1.2347757134809811,0.0,3.0860299115347716,0,0.624,6.174,93.6,0.4774136074207485,1.3862943611198906,437.0,21.2,388.08,3.184698373066614,14.0
0.4877453107218926,0.0,3.0860299115347716,0,0.624,5.019,100.0,0.36422636009156684,1.3862943611198906,437.0,21.2,396.9,3.538347219809389,14.4
1.200280997987386,0.0,2.9745086371023644,1,0.871,5.403,100.0,0.27884312378457665,1.6094379124341003,403.0,14.7,396.9,3.2891478778535324,13.4
1.4103526262129615,0.0,2.9745086371023644,0,0.871,5.468,100.0,0.3448654859792347,1.6094379124341003,403.0,14.7,396.9,3.2741212990941793,15.6
1.0223573981489373,0.0,2.9745086371023644,0,0.871,4.903,97.8,0.297062934257533,1.6094379124341003,403.0,14.7,396.9,3.377246160839642,11.8
0.8668231383012291,0.0,2.9745086371023644,0,0.871,6.13,100.0,0.3500228678583548,1.6094379124341003,403.0,14.7,172.91,3.3250360206965914,13.8
0.7678139251427007,0.0,2.9745086371023644,0,0.871,5.628,100.0,0.41647098728469806,1.6094379124341003,403.0,14.7,169.27,2.8124102164264526,15.6
0.8623075070760768,0.0,2.9745086371023644,0,0.871,4.926,95.7,0.37898423085856703,1.6094379124341003,403.0,14.7,391.71,3.3854066957558313,14.6
0.8462930700401281,0.0,2.9745086371023644,0,0.871,5.186,93.8,0.42500626331499985,1.6094379124341003,403.0,14.7,356.99,3.343568268825519,17.8
1.005754765308124,0.0,2.9745086371023644,0,0.871,5.597,94.9,0.42245332113701944,1.6094379124341003,403.0,14.7,351.85,3.065724645374026,15.4
0.5047673091820267,0.0,2.9745086371023644,0,0.871,6.122,97.3,0.48119081863630003,1.6094379124341003,403.0,14.7,372.8,2.6461747973841225,21.5
0.4030087604214572,0.0,2.9745086371023644,0,0.871,5.404,100.0,0.46473979957063644,1.6094379124341003,403.0,14.7,341.6,2.5862591440482876,19.6
0.11918649479116296,0.0,2.9745086371023644,1,0.871,5.012,88.0,0.4763583948837434,1.6094379124341003,403.0,14.7,343.28,2.4948569806411682,15.3
0.7650863740410299,0.0,2.9745086371023644,0,0.871,5.709,98.5,0.4843995095294679,1.6094379124341003,403.0,14.7,261.95,2.7593768282675506,19.4
0.3463164798105087,0.0,2.9745086371023644,1,0.871,6.129,96.0,0.5592728720036175,1.6094379124341003,403.0,14.7,321.02,2.716018370751387,17.0
1.2627161281988488,0.0,2.9745086371023644,1,0.871,6.152,82.6,0.5570410475629537,1.6094379124341003,403.0,14.7,88.01,2.7093826463359885,15.6
0.8947320035347461,0.0,2.9745086371023644,0,0.871,5.272,94.0,0.5518140044433014,1.6094379124341003,403.0,14.7,88.63,2.7813006628418027,13.1
0.2017809879501736,0.0,2.9745086371023644,0,0.605,6.943,97.4,0.6298345743481794,1.6094379124341003,403.0,14.7,363.43,1.5238800240724537,41.3
0.2947867741817126,0.0,2.9745086371023644,0,0.605,6.066,100.0,0.5637785402186635,1.6094379124341003,403.0,14.7,353.89,1.860974538249528,24.3
0.3541858487098423,0.0,2.9745086371023644,0,0.871,6.51,100.0,0.5686604754369415,1.6094379124341003,403.0,14.7,364.31,2.0001277349601105,23.3
0.24173760544271178,0.0,2.9745086371023644,1,0.605,6.25,92.6,0.5868973807172349,1.6094379124341003,403.0,14.7,338.92,1.7047480922384253,27.0
0.3807351614875533,0.0,2.9745086371023644,0,0.605,7.489,90.8,0.6784902912163117,1.6094379124341003,403.0,14.7,374.43,0.5481214085096876,50.0
0.6063739570277115,0.0,2.9745086371023644,1,0.605,7.802,98.2,0.7132928862529031,1.6094379124341003,403.0,14.7,389.61,0.6523251860396901,50.0
0.4180653900839028,0.0,2.9745086371023644,1,0.605,8.375,93.9,0.7710337192170165,1.6094379124341003,403.0,14.7,388.45,1.199964782928397,50.0
0.8075288826786604,0.0,2.9745086371023644,0,0.605,5.854,91.8,0.8845936451309006,1.6094379124341003,403.0,14.7,395.11,2.454447442303292,22.7
1.072952541887532,0.0,2.9745086371023644,0,0.605,6.101,93.0,0.8256655602600897,1.6094379124341003,403.0,14.7,240.16,2.2834022735772717,25.0
0.6982292449667389,0.0,2.9745086371023644,0,0.605,7.929,96.2,0.7158377904796438,1.6094379124341003,403.0,14.7,369.3,1.308332819650179,50.0
0.5879422083601636,0.0,2.9745086371023644,0,0.605,5.877,79.2,0.8862025895568697,1.6094379124341003,403.0,14.7,227.61,2.4965057856313524,23.8
0.833083020857462,0.0,2.9745086371023644,0,0.605,6.319,96.1,0.7419373447293773,1.6094379124341003,403.0,14.7,297.09,2.4069451083182885,23.8
0.8958961694189216,0.0,2.9745086371023644,0,0.605,6.402,95.2,0.8164703965919442,1.6094379124341003,403.0,14.7,330.04,2.4265710727750367,22.3
0.18848585176179947,0.0,2.9745086371023644,0,0.605,5.875,94.6,0.8862025895568697,1.6094379124341003,403.0,14.7,292.29,2.6693093727857793,17.4
0.838934412625926,0.0,2.9745086371023644,0,0.605,5.88,97.3,0.870749284903777,1.6094379124341003,403.0,14.7,348.13,2.4874035299865875,19.1
-1.9722746584866417,0.0,1.3987168811184478,0,0.51,5.572,88.5,0.9540103189011692,1.6094379124341003,296.0,16.6,396.9,2.6871669901857858,23.1
-2.3883608700154495,0.0,1.3987168811184478,0,0.51,6.416,84.1,0.9731624379506939,1.6094379124341003,296.0,16.6,395.5,2.201659174404085,23.6
-2.4713588372427315,0.0,1.3987168811184478,0,0.51,5.859,68.7,0.9939552292306324,1.6094379124341003,296.0,16.6,393.23,2.265921108622454,22.6
-2.70845028112355,0.0,1.3987168811184478,0,0.51,6.546,33.1,1.1417675589820373,1.6094379124341003,296.0,16.6,390.96,1.673351238177753,29.4
-2.656122108241851,0.0,1.3987168811184478,0,0.51,6.02,47.2,1.2683269334643472,1.6094379124341003,296.0,16.6,393.23,2.3135250330323798,23.2
-2.9141522865615683,0.0,1.3987168811184478,0,0.51,6.315,73.4,1.1992114872242254,1.6094379124341003,296.0,16.6,395.6,1.8389610707123492,24.6
-2.7117570630335366,0.0,1.3987168811184478,0,0.51,6.86,74.4,1.0699727304589448,1.6094379124341003,296.0,16.6,391.27,1.9344157696295783,29.9
-2.8507665033038054,0.0,0.9001613499442714,0,0.488,6.98,58.4,1.0399232923194301,1.0986122886681098,193.0,17.8,396.9,1.6174060820832772,37.2
-2.719920373672698,0.0,0.9001613499442714,0,0.488,7.765,83.3,1.0083228173206489,1.0986122886681098,193.0,17.8,395.56,2.0228711901914416,39.8
-2.675389418862662,0.0,0.9001613499442714,0,0.488,6.144,62.2,0.9547034263605685,1.0986122886681098,193.0,17.8,396.9,2.2460147415056513,36.2
-2.3965661564649396,0.0,0.9001613499442714,0,0.488,7.155,92.2,0.993473970544805,1.0986122886681098,193.0,17.8,394.12,1.572773928062509,37.9
-2.3017854128234814,0.0,0.9001613499442714,0,0.488,6.563,95.6,1.0462658082959004,1.0986122886681098,193.0,17.8,396.9,1.7369512327330598,32.5
-2.4879512799742254,0.0,0.9001613499442714,0,0.488,5.604,89.8,1.0945707995083895,1.0986122886681098,193.0,17.8,391.0,2.637627736805664,26.4
-2.8056079046970153,0.0,0.9001613499442714,0,0.488,6.153,68.8,1.187751954798385,1.0986122886681098,193.0,17.8,387.11,2.5764217586237734,29.6
-2.8820465091501744,0.0,0.9001613499442714,0,0.488,7.831,53.6,1.1629007785504715,1.0986122886681098,193.0,17.8,392.63,1.4929040961781488,50.0
-2.5414770012763945,45.0,1.235471471385307,0,0.437,6.782,41.1,1.3319965577120414,1.6094379124341003,398.0,15.2,393.87,1.8991179875485542,32.0
-2.073141429131356,45.0,1.235471471385307,0,0.437,6.556,29.1,1.518790843409403,1.6094379124341003,398.0,15.2,382.84,1.5173226235262947,29.8
-2.4805163014867073,45.0,1.235471471385307,0,0.437,7.185,38.9,1.518790843409403,1.6094379124341003,398.0,15.2,396.9,1.6845453849209058,34.9
-2.400418453342809,45.0,1.235471471385307,0,0.437,6.951,21.5,1.8686896456903432,1.6094379124341003,398.0,15.2,377.68,1.62924053973028,37.0
-2.672055840878834,45.0,1.235471471385307,0,0.437,6.739,30.8,1.8686896456903432,1.6094379124341003,398.0,15.2,389.71,1.545432582458188,30.5
-2.445993676289402,45.0,1.235471471385307,0,0.437,7.178,26.3,1.8686896456903432,1.6094379124341003,398.0,15.2,390.49,1.0543120297715298,36.4
-3.8226394442934604,60.0,1.075002423028976,0,0.401,6.8,9.9,1.827705596001524,0.0,265.0,15.6,393.37,1.6154199841116479,31.1
-4.241221758082861,60.0,1.075002423028976,0,0.401,6.604,18.8,1.827705596001524,0.0,265.0,15.6,376.7,1.4770487243883548,29.1
-4.282362311560936,80.0,-0.7765287894989963,0,0.422,7.875,32.0,1.7313723192129598,1.3862943611198906,255.0,14.4,394.23,1.0885619528146082,50.0
-3.2161295992001757,80.0,0.41871033485818504,0,0.404,7.287,34.1,1.9891064654982547,0.6931471805599453,329.0,12.6,396.9,1.4060969884160703,33.3
-3.064868012388853,80.0,0.41871033485818504,0,0.404,7.107,36.6,1.9891064654982547,0.6931471805599453,329.0,12.6,354.31,2.152924318439639,30.3
-3.2786258292739747,80.0,0.41871033485818504,0,0.404,7.274,38.3,1.9891064654982547,0.6931471805599453,329.0,12.6,392.2,1.890095369948917,34.6
-3.4577677331505496,95.0,0.3852624007906449,0,0.403,6.975,15.3,2.035149993546711,1.0986122886681098,402.0,17.0,396.9,1.5173226235262947,34.9
-4.029681048896379,95.0,0.3852624007906449,0,0.403,7.135,13.9,2.035149993546711,1.0986122886681098,402.0,17.0,384.3,1.4929040961781488,32.9
-3.3682462815224694,82.5,0.7080357930536959,0,0.415,6.162,38.4,1.8357763546448294,0.6931471805599453,348.0,14.7,393.77,2.005525858729668,24.1
-3.8272224037356812,82.5,0.7080357930536959,0,0.415,7.61,15.7,1.8357763546448294,0.6931471805599453,348.0,14.7,395.38,1.1346227261911428,42.3
-3.349554148510317,95.0,0.9858167945227654,0,0.4161,7.853,33.2,1.6327637377375972,1.3862943611198906,224.0,14.7,392.78,1.3376291891386096,48.5
-3.907533100155294,95.0,0.9858167945227654,0,0.4161,8.034,31.9,1.6327637377375972,1.3862943611198906,224.0,14.7,390.55,1.0577902941478545,50.0
-1.9920169167555637,0.0,2.359910159613315,0,0.489,5.891,22.3,1.3725503433276314,1.3862943611198906,277.0,18.6,396.9,2.386006701133118,22.6
-1.471024705280474,0.0,2.359910159613315,0,0.489,6.326,52.5,1.4713016479283183,1.3862943611198906,277.0,18.6,394.87,2.395164274287139,24.4
-1.3783658747977692,0.0,2.359910159613315,0,0.489,5.783,72.7,1.4713016479283183,1.3862943611198906,277.0,18.6,389.43,2.8936995479888394,22.5
-1.996056732745905,0.0,2.359910159613315,1,0.489,6.064,59.1,1.4443745721964154,1.3862943611198906,277.0,18.6,381.32,2.6851226964585053,24.4
-0.8307783945499412,0.0,2.359910159613315,1,0.489,5.344,100.0,1.3545456628053103,1.3862943611198906,277.0,18.6,396.9,3.139399623366404,20.0
-1.7460597899770645,0.0,2.359910159613315,1,0.489,5.96,92.1,1.3550874514951798,1.3862943611198906,277.0,18.6,393.25,2.848970892158587,21.7
-0.9787514132167605,0.0,2.359910159613315,1,0.489,5.404,88.6,1.2988283353386147,1.3862943611198906,277.0,18.6,395.24,3.177220149599368,19.3
-1.5269827324979075,0.0,2.359910159613315,1,0.489,5.807,53.8,1.2954392427758044,1.3862943611198906,277.0,18.6,390.94,2.7744619666214616,22.4
-1.9624054515845106,0.0,2.359910159613315,0,0.489,6.375,32.3,1.3725503433276314,1.3862943611198906,277.0,18.6,385.81,2.238579763018133,28.1
-1.2394272853103383,0.0,2.359910159613315,0,0.489,5.412,9.8,1.2774555810857395,1.3862943611198906,277.0,18.6,348.93,3.386083743852107,23.7
-1.6193872432877685,0.0,2.359910159613315,0,0.489,6.182,42.4,1.3725503433276314,1.3862943611198906,277.0,18.6,393.63,2.248128907197987,25.0
-3.0878475624617967,0.0,2.6311691567662523,1,0.55,5.888,56.0,1.1352977394759622,1.6094379124341003,276.0,16.4,392.8,2.6034301519721073,23.3
-2.657404616433318,0.0,2.6311691567662523,0,0.55,6.642,85.1,1.2299621367871858,1.6094379124341003,276.0,16.4,392.78,2.2710944259026746,28.7
-2.201021777584604,0.0,2.6311691567662523,1,0.55,5.951,93.8,1.0610142582527913,1.6094379124341003,276.0,16.4,396.9,2.8859174075467844,21.5
-2.169366249207823,0.0,2.6311691567662523,1,0.55,6.373,92.4,1.2129226348455207,1.6094379124341003,276.0,16.4,393.74,2.3513752571634776,23.0
-1.0269709275282342,0.0,1.824549292051046,1,0.507,6.951,88.5,1.051415853837135,2.0794415416798357,307.0,17.4,391.7,2.2731562823032334,26.7
-0.8971991416186345,0.0,1.824549292051046,1,0.507,6.164,91.3,1.1144856378244,2.0794415416798357,307.0,17.4,395.24,3.0661907372025525,21.7
-0.47231028753765686,0.0,1.824549292051046,1,0.507,6.879,77.7,1.18543198062067,2.0794415416798357,307.0,17.4,390.39,2.295560478057081,27.5
-0.48662093506917325,0.0,1.824549292051046,0,0.507,6.618,80.8,1.18543198062067,2.0794415416798357,307.0,17.4,396.9,2.028148247292285,30.1
-1.1541355694787643,0.0,1.824549292051046,0,0.504,8.266,78.3,1.0627778356588937,2.0794415416798357,307.0,17.4,385.05,1.4206957878372228,44.8
-0.6406875665875832,0.0,1.824549292051046,0,0.504,8.725,83.0,1.0627778356588937,2.0794415416798357,307.0,17.4,382.0,1.5325568680981427,50.0
-0.9619682453708075,0.0,1.824549292051046,0,0.504,8.04,86.5,1.1680450633834465,2.0794415416798357,307.0,17.4,387.38,1.1410330045520618,37.6
-0.8858100246205681,0.0,1.824549292051046,0,0.504,7.163,79.9,1.1680450633834465,2.0794415416798357,307.0,17.4,372.08,1.8500283773520307,31.6
-1.210024411754371,0.0,1.824549292051046,0,0.504,7.686,17.0,1.216424953515174,2.0794415416798357,307.0,17.4,377.51,1.366091653802371,46.7
-0.8169432583734566,0.0,1.824549292051046,0,0.504,6.552,21.4,1.216424953515174,2.0794415416798357,307.0,17.4,380.34,1.324418957401803,31.5
-0.6217571844732723,0.0,1.824549292051046,0,0.504,5.981,68.1,1.3006002979095281,2.0794415416798357,307.0,17.4,378.35,2.4553061800117097,24.3
-0.7701146217165536,0.0,1.824549292051046,0,0.504,7.412,76.9,1.3006002979095281,2.0794415416798357,307.0,17.4,376.14,1.6582280766035324,31.7
-0.5528810174993176,0.0,1.824549292051046,0,0.507,8.337,73.3,1.3450556131032931,2.0794415416798357,307.0,17.4,385.91,0.9042181506398859,41.7
-1.1042179711889437,0.0,1.824549292051046,0,0.507,8.247,70.4,1.2952475801015233,2.0794415416798357,307.0,17.4,378.95,1.3737155789130306,48.3
-0.8031629596059676,0.0,1.824549292051046,1,0.507,6.726,66.5,1.2952475801015233,2.0794415416798357,307.0,17.4,360.2,2.0856720914304723,29.0
-1.1072999170656752,0.0,1.824549292051046,0,0.507,6.086,61.5,1.2952475801015233,2.0794415416798357,307.0,17.4,376.75,2.3869262414277967,24.0
-0.6528117043705424,0.0,1.824549292051046,1,0.507,6.631,76.5,1.4226262903672808,2.0794415416798357,307.0,17.4,388.45,2.255493485460195,25.1
-0.6697627403272094,0.0,1.824549292051046,0,0.507,7.358,71.6,1.4226262903672808,2.0794415416798357,307.0,17.4,390.07,1.5539252025038417,31.5
-2.4956845229598787,30.0,1.5953389880545987,0,0.428,6.481,18.5,1.8229189314771568,1.791759469228055,300.0,16.6,379.41,1.8500283773520307,23.7
-2.3803304416188986,30.0,1.5953389880545987,0,0.428,6.606,42.2,1.8229189314771568,1.791759469228055,300.0,16.6,383.78,1.9974177062012453,23.3
-2.1778043760967396,30.0,1.5953389880545987,0,0.428,6.897,54.3,1.84626343721586,1.791759469228055,300.0,16.6,391.25,2.431857428698185,22.0
-2.243184749712598,30.0,1.5953389880545987,0,0.428,6.095,65.1,1.84626343721586,1.791759469228055,300.0,16.6,394.62,2.517696472610991,20.1
-2.2739976361421332,30.0,1.5953389880545987,0,0.428,6.358,52.9,1.9509687612461732,1.791759469228055,300.0,16.6,372.75,2.4176979000945504,22.2
-2.059090045431938,30.0,1.5953389880545987,0,0.428,6.393,7.8,1.9509687612461732,1.791759469228055,300.0,16.6,374.71,1.6467336971777973,23.7
-1.5794908360661482,22.0,1.7681496035889213,0,0.431,5.593,76.5,2.073788091000493,1.9459101490553132,330.0,19.1,372.49,2.5257286443082556,17.6
-1.6537555930852257,22.0,1.7681496035889213,0,0.431,5.605,70.2,2.073788091000493,1.9459101490553132,330.0,19.1,389.13,2.9156062290747062,18.5
-1.0793097864136123,22.0,1.7681496035889213,0,0.431,6.108,34.9,2.0863550879489043,1.9459101490553132,330.0,19.1,390.18,2.214846178686039,24.3
-1.6267366770124299,22.0,1.7681496035889213,0,0.431,6.226,79.2,2.0863550879489043,1.9459101490553132,330.0,19.1,376.14,2.3174737054877963,20.5
-1.805513625460718,22.0,1.7681496035889213,0,0.431,6.433,49.1,2.0575154113461407,1.9459101490553132,330.0,19.1,374.71,2.253394848803274,24.5
-1.656896463593802,22.0,1.7681496035889213,0,0.431,6.718,17.5,2.0575154113461407,1.9459101490553132,330.0,19.1,393.74,1.8809906029559975,26.2
-1.9639722918737217,22.0,1.7681496035889213,0,0.431,6.487,13.0,2.0010339548007137,1.9459101490553132,330.0,19.1,396.28,1.7749523509116738,24.4
-1.541358791623506,22.0,1.7681496035889213,0,0.431,6.438,8.9,2.0010339548007137,1.9459101490553132,330.0,19.1,377.07,1.2781522025001875,24.8
-2.498478329818095,22.0,1.7681496035889213,0,0.431,6.957,6.8,2.1868038025083023,1.9459101490553132,330.0,19.1,386.09,1.2612978709452054,29.6
-0.9971212497887038,22.0,1.7681496035889213,0,0.431,8.259,8.4,2.1868038025083023,1.9459101490553132,330.0,19.1,396.9,1.264126727145683,42.8
-3.0326037483298958,80.0,1.2919836816486494,0,0.392,6.108,32.0,2.221407575000109,0.0,315.0,16.4,392.89,1.8825138324965192,21.9
-3.338786121540758,80.0,1.2919836816486494,0,0.392,5.876,19.1,2.221407575000109,0.0,315.0,16.4,395.18,2.224623551524334,20.9
-4.174687314904639,90.0,1.3217558399823195,0,0.394,7.454,34.2,1.84626343721586,1.0986122886681098,244.0,15.9,386.34,1.1346227261911428,44.0
-0.4917749130751902,20.0,1.3787660946990992,0,0.647,8.704,86.9,0.588342066193819,1.6094379124341003,264.0,13.0,389.7,1.6331544390514163,50.0
-0.4102113537333973,20.0,1.3787660946990992,0,0.647,7.333,100.0,0.639007734459297,1.6094379124341003,264.0,13.0,383.29,2.052840859882657,36.0
-0.4206041269509682,20.0,1.3787660946990992,0,0.647,6.842,100.0,0.6984829201494644,1.6094379124341003,264.0,13.0,391.93,1.9315214116032138,30.1
-0.6159824564648955,20.0,1.3787660946990992,0,0.647,7.203,81.8,0.7476827132079593,1.6094379124341003,264.0,13.0,392.8,2.2607208888953467,33.8
-0.6271347461663739,20.0,1.3787660946990992,0,0.647,7.52,89.4,0.7607123667223692,1.6094379124341003,264.0,13.0,388.37,1.9823798288367047,43.1
-0.6536572728735331,20.0,1.3787660946990992,0,0.647,8.398,91.5,0.8278965811115597,1.6094379124341003,264.0,13.0,386.86,1.776645831418007,48.8
-0.1920567907821121,20.0,1.3787660946990992,0,0.647,7.327,94.5,0.7317908041521498,1.6094379124341003,264.0,13.0,393.42,2.4203681286504293,31.0
-0.5977097361268342,20.0,1.3787660946990992,0,0.647,7.206,91.6,0.6575718150460251,1.6094379124341003,264.0,13.0,387.89,2.0918640616783932,36.5
-0.2723075353455809,20.0,1.3787660946990992,0,0.647,5.56,62.8,0.6863742962725166,1.6094379124341003,264.0,13.0,392.4,2.34660197841082,22.8
-0.2411802388003612,20.0,1.3787660946990992,0,0.647,7.014,84.6,0.7574825560648395,1.6094379124341003,264.0,13.0,384.07,2.6939512767227085,30.7
-0.5475933479582054,20.0,1.3787660946990992,0,0.575,8.297,67.0,0.8844284787253719,1.6094379124341003,264.0,13.0,384.54,2.0068708488450007,50.0
-0.6152606419028741,20.0,1.3787660946990992,0,0.575,7.47,52.6,1.0550086511859778,1.6094379124341003,264.0,13.0,390.3,1.1505720275988207,43.5
-2.400749341781277,20.0,1.9401794743463283,1,0.464,5.92,61.5,1.365453695248039,1.0986122886681098,223.0,18.6,391.34,2.613739521630969,20.7
-1.2067767316586704,20.0,1.9401794743463283,0,0.464,5.856,42.1,1.4881738249410612,1.0986122886681098,223.0,18.6,388.65,2.5649493574615367,21.1
-1.8194801618286551,20.0,1.9401794743463283,0,0.464,6.24,16.3,1.4881738249410612,1.0986122886681098,223.0,18.6,396.9,1.8855533485144158,25.2
-2.166307474701498,20.0,1.9401794743463283,0,0.464,6.538,58.7,1.365453695248039,1.0986122886681098,223.0,18.6,394.96,2.0451088625993306,24.4
-1.5056185837951033,20.0,1.9401794743463283,1,0.464,7.691,51.8,1.4739617728716505,1.0986122886681098,223.0,18.6,390.77,1.884034745337226,35.2
-2.874577151997524,40.0,1.8578592709325787,1,0.447,6.758,32.9,1.405508580043695,1.3862943611198906,254.0,17.6,396.9,1.2612978709452054,32.4
-2.3429905076290845,40.0,1.8578592709325787,0,0.447,6.854,42.8,1.450981308741706,1.3862943611198906,254.0,17.6,396.9,1.091923300517313,32.0
-2.2567516766508735,40.0,1.8578592709325787,1,0.447,7.267,49.0,1.5659456893579664,1.3862943611198906,254.0,17.6,389.25,1.80005827204275,33.2
-2.7924649522445737,40.0,1.8578592709325787,1,0.447,6.826,27.6,1.581614403699502,1.3862943611198906,254.0,17.6,393.45,1.425515074273172,33.1
-2.5284824325048767,40.0,1.8578592709325787,0,0.447,6.482,32.1,1.420768248979967,1.3862943611198906,254.0,17.6,396.9,1.9726911717329554,29.1
-1.558839859671009,20.0,1.2029723039923526,0,0.4429,6.812,32.2,1.41115769084458,1.6094379124341003,216.0,14.9,396.9,1.5789787049493917,35.1
-3.330366200901564,20.0,1.2029723039923526,0,0.4429,7.82,64.5,1.546434212855099,1.6094379124341003,216.0,14.9,387.31,1.324418957401803,45.4
-3.295486927240041,20.0,1.2029723039923526,0,0.4429,6.968,37.2,1.6572180428816397,1.6094379124341003,216.0,14.9,392.23,1.5238800240724537,35.4
-2.7921385814844966,20.0,1.2029723039923526,1,0.4429,7.645,49.7,1.6509444725858264,1.6094379124341003,216.0,14.9,377.07,1.1019400787607843,46.0
-4.199038633336767,90.0,0.1906203596086497,1,0.401,7.923,24.8,1.77240674071224,0.0,198.0,13.6,395.52,1.1505720275988207,50.0
-4.703886158927249,90.0,1.0885619528146082,0,0.4,7.088,20.8,1.9888738484874289,0.0,285.0,15.3,394.72,2.060513531794317,32.2
-4.513502997462267,55.0,0.8109302162163288,0,0.389,6.453,31.9,1.9888738484874289,0.0,300.0,15.3,394.72,2.1077860146889784,22.0
-3.929677940666867,80.0,0.5653138090500605,0,0.385,6.23,31.5,2.2070868955155056,0.0,241.0,18.2,341.6,2.559550192783766,20.1
-3.25165731439258,52.5,1.6714733033535532,0,0.405,6.209,31.3,1.990227741135006,1.791759469228055,293.0,16.6,396.9,1.965712776351493,23.2
-3.0812901619156374,52.5,1.6714733033535532,0,0.405,6.315,45.6,1.990227741135006,1.791759469228055,293.0,16.6,396.9,2.028148247292285,22.3
-3.1472530811952333,52.5,1.6714733033535532,0,0.405,6.565,22.9,1.990227741135006,1.791759469228055,293.0,16.6,371.72,2.252343876557299,24.8
-3.351835952124431,80.0,1.599387576580599,0,0.411,6.861,27.9,1.6325097000018567,1.3862943611198906,245.0,19.2,396.9,1.2029723039923526,28.5
-2.540081150532656,80.0,1.599387576580599,0,0.411,7.148,27.7,1.6325097000018567,1.3862943611198906,245.0,19.2,396.9,1.269760544863939,37.3
-3.3200783303773633,80.0,1.599387576580599,0,0.411,6.63,23.4,1.6325097000018567,1.3862943611198906,245.0,19.2,396.9,1.547562508716013,27.9
-2.4931404547151037,0.0,2.6333266549062735,0,0.437,6.127,18.4,1.705238880872887,1.3862943611198906,289.0,16.0,396.9,2.149433913499871,23.9
-2.501157990374051,0.0,2.6333266549062735,0,0.437,6.009,42.3,1.705238880872887,1.3862943611198906,289.0,16.0,396.9,2.341805806147327,21.7
-2.0454653261249045,0.0,2.6333266549062735,0,0.437,6.678,31.1,1.785137592919168,1.3862943611198906,289.0,16.0,396.9,1.8357763546448294,28.6
-2.9239699073271,0.0,2.6333266549062735,0,0.437,6.549,51.0,1.785137592919168,1.3862943611198906,289.0,16.0,392.85,2.0001277349601105,27.1
-1.9587826452779884,0.0,2.6333266549062735,0,0.437,5.79,58.0,1.843719208158766,1.3862943611198906,289.0,16.0,396.9,2.7625383863862796,20.3
-2.73861250668485,70.0,0.8064758658669485,0,0.4,6.345,20.1,2.057681499897272,1.6094379124341003,358.0,14.8,368.24,1.6034198401085373,22.5
-2.8893922377826646,70.0,0.8064758658669485,0,0.4,7.041,10.0,2.057681499897272,1.6094379124341003,358.0,14.8,371.58,1.556037135706985,29.0
-3.119709453373702,70.0,0.8064758658669485,0,0.4,6.871,47.4,2.057681499897272,1.6094379124341003,358.0,14.8,390.86,1.803358605071407,24.8
-3.341891275764748,34.0,1.8066480817218056,0,0.433,6.59,40.4,1.7032378615047714,1.9459101490553132,329.0,16.1,395.75,2.2512917986064953,22.0
-2.3788183989936345,34.0,1.8066480817218056,0,0.433,6.495,18.4,1.7032378615047714,1.9459101490553132,329.0,16.1,383.61,2.1598687907924505,26.4
-2.3025850929940455,34.0,1.8066480817218056,0,0.433,6.982,17.7,1.7032378615047714,1.9459101490553132,329.0,16.1,390.43,1.5810384379124025,33.1
-2.8976985332826257,33.0,0.7793248768009977,0,0.472,7.236,41.1,1.3917792913504603,1.9459101490553132,222.0,18.4,393.68,1.9358598132018119,36.1
-2.904247583431813,33.0,0.7793248768009977,0,0.472,6.616,58.1,1.2149127443642704,1.9459101490553132,222.0,18.4,393.36,2.189416394888408,28.4
-2.5898672454244998,33.0,0.7793248768009977,0,0.472,7.42,71.9,1.1311440136705944,1.9459101490553132,222.0,18.4,396.9,1.8671761085128091,33.4
-3.0094256006859936,33.0,0.7793248768009977,0,0.472,6.849,70.3,1.1577298931511986,1.9459101490553132,222.0,18.4,396.9,2.018895041811802,28.2
-0.7072866737136669,0.0,2.2925347571405443,0,0.544,6.635,82.5,1.1992114872242254,1.3862943611198906,304.0,18.4,396.9,1.5129270120532565,22.8
-1.051537881282181,0.0,2.2925347571405443,0,0.544,5.972,76.7,1.1322082380966252,1.3862943611198906,304.0,18.4,396.24,2.299580583973747,20.3
0.9690653285914825,0.0,2.2925347571405443,0,0.544,4.973,37.8,0.9240207779360656,1.3862943611198906,304.0,18.4,350.45,2.5368663887187113,16.1
-0.23520348080665018,0.0,2.2925347571405443,0,0.544,6.122,52.8,0.9708925470657387,1.3862943611198906,304.0,18.4,396.9,1.7884205679625405,22.1
-1.3405946818689,0.0,2.2925347571405443,0,0.544,6.023,90.4,1.0416891412684888,1.3862943611198906,304.0,18.4,396.3,2.4612967841488667,19.4
-1.3116322568114682,0.0,2.2925347571405443,0,0.544,6.266,82.8,1.1825857224442882,1.3862943611198906,304.0,18.4,393.39,2.066862759472976,21.6
-0.9964167763534401,0.0,2.2925347571405443,0,0.544,6.567,87.3,1.2815725303483325,1.3862943611198906,304.0,18.4,395.69,2.2278615467981093,23.8
-1.3721547975661714,0.0,2.2925347571405443,0,0.544,5.705,77.7,1.3724489542978375,1.3862943611198906,304.0,18.4,396.42,2.4423470353692043,16.2
-1.1448551998428471,0.0,2.2925347571405443,0,0.544,5.914,83.2,1.3859442998555953,1.3862943611198906,304.0,18.4,390.7,2.9085390618516134,17.8
-1.4055995121778961,0.0,2.2925347571405443,0,0.544,5.782,71.7,1.394188123238991,1.3862943611198906,304.0,18.4,396.9,2.768831673362069,19.8
-0.911253440356887,0.0,2.2925347571405443,0,0.544,6.382,67.2,1.2620058355765456,1.3862943611198906,304.0,18.4,395.21,2.337952236831337,23.1
-0.7434514904696932,0.0,2.2925347571405443,0,0.544,6.113,58.8,1.3867692483431018,1.3862943611198906,304.0,18.4,396.23,2.543961412569315,21.0
-1.7861750909341545,0.0,1.998773638612381,0,0.493,6.426,52.3,1.5130151138990473,1.6094379124341003,287.0,19.6,396.9,1.9740810260220096,23.8
-1.7060038804104314,0.0,1.998773638612381,0,0.493,6.376,54.3,1.5130151138990473,1.6094379124341003,287.0,19.6,396.9,1.927164106234258,23.1
-1.0465702746410745,0.0,1.998773638612381,0,0.493,6.041,49.9,1.5520418232927913,1.6094379124341003,287.0,19.6,396.9,2.0412203288596382,20.4
-1.259062770643896,0.0,1.998773638612381,0,0.493,5.708,74.3,1.5520418232927913,1.6094379124341003,287.0,19.6,391.13,2.4630018143999504,18.5
-1.0756089069031467,0.0,1.998773638612381,0,0.493,6.415,40.1,1.5520418232927913,1.6094379124341003,287.0,19.6,396.9,1.8115620965242347,25.0
-1.6509893395923356,0.0,1.998773638612381,0,0.493,6.431,14.7,1.689339071628585,1.6094379124341003,287.0,19.6,393.68,1.6253112615903906,24.6
-1.1924725201557294,0.0,1.998773638612381,0,0.493,6.312,28.9,1.689339071628585,1.6094379124341003,287.0,19.6,396.9,1.8164520818184267,23.0
-1.4228338719108387,0.0,1.998773638612381,0,0.493,6.083,43.7,1.689339071628585,1.6094379124341003,287.0,19.6,396.9,2.548663615590751,22.2
-2.715528090958169,0.0,1.1755733298042381,0,0.46,5.868,25.8,1.6514623836893323,1.3862943611198906,430.0,16.9,382.44,2.299580583973747,19.3
-2.6994869704417224,0.0,1.1755733298042381,0,0.46,6.333,17.2,1.6514623836893323,1.3862943611198906,430.0,16.9,375.21,1.9933388426264242,22.6
-3.091362504569241,0.0,1.1755733298042381,0,0.46,6.144,32.2,1.7704677337604326,1.3862943611198906,430.0,16.9,368.57,2.2071749081893874,19.8
-2.991142821220184,35.0,1.801709800081223,0,0.4379,5.706,28.4,1.893217379618614,0.0,304.0,16.9,394.02,2.5201129055226197,17.1
-3.362168994694677,35.0,1.801709800081223,0,0.4379,6.031,23.3,1.893217379618614,0.0,304.0,16.9,362.25,2.057962510002712,19.4
-2.979268547523326,0.0,1.6467336971777973,0,0.515,6.316,38.1,1.8653816090986688,1.6094379124341003,224.0,20.2,389.71,1.7369512327330598,22.2
-3.28661947695472,0.0,1.6467336971777973,0,0.515,6.31,38.5,1.8653816090986688,1.6094379124341003,224.0,20.2,389.4,1.9095425048844386,20.7
-3.228673667348312,0.0,1.6467336971777973,0,0.515,6.037,34.5,1.7893064630669882,1.6094379124341003,224.0,20.2,396.9,2.080690761080268,21.1
-3.3734849430956197,0.0,1.6467336971777973,0,0.515,5.869,46.3,1.6546215810094207,1.6094379124341003,224.0,20.2,396.9,2.2823823856765264,19.5
-3.4929837772928636,0.0,1.6467336971777973,0,0.515,5.895,59.6,1.7254415881904066,1.6094379124341003,224.0,20.2,394.81,2.3570732782781154,18.5
-3.409431186589259,0.0,1.6467336971777973,0,0.515,6.059,37.3,1.571154360008492,1.6094379124341003,224.0,20.2,396.14,2.1412419425852827,20.6
-2.900967697109568,0.0,1.6467336971777973,0,0.515,5.985,45.4,1.571154360008492,1.6094379124341003,224.0,20.2,396.9,2.2762411176544437,19.0
-2.78855551576186,0.0,1.6467336971777973,0,0.515,5.968,58.5,1.571154360008492,1.6094379124341003,224.0,20.2,396.9,2.2289385528257473,18.7
-4.342036986457723,35.0,0.41871033485818504,0,0.442,7.241,49.3,1.951309830216467,0.0,284.0,15.5,394.74,1.7029282555214393,32.7
-3.689679774284705,0.0,0.636576829071551,0,0.518,6.54,59.7,1.8352818145171772,0.0,422.0,15.9,389.96,2.157559320943788,16.5
-3.671825699548109,55.0,1.3297240096314962,0,0.484,6.696,56.4,1.7460819557314025,1.6094379124341003,370.0,17.6,396.9,1.9712993830601329,23.9
-3.4903565179819735,55.0,1.3297240096314962,0,0.484,6.874,28.1,1.8664648819262473,1.6094379124341003,370.0,17.6,387.97,1.5282278570085572,31.2
-3.4695832945286202,0.0,1.47932922708708,0,0.442,6.014,48.5,2.0811400983154176,1.0986122886681098,352.0,18.8,385.64,2.354228326145884,17.5
-2.786768785813615,0.0,1.47932922708708,0,0.442,5.898,52.3,2.0811400983154176,1.0986122886681098,352.0,18.8,364.61,2.5392369943330477,17.2
-3.979231755121596,85.0,1.423108334242607,0,0.429,6.516,27.7,2.1442105050135645,1.3862943611198906,351.0,17.9,392.43,1.8500283773520307,23.1
-4.199038633336767,80.0,0.6981347220709843,0,0.435,6.635,29.7,2.121542717698471,1.3862943611198906,280.0,17.0,390.94,1.7900914121273581,24.5
-3.540804336048573,40.0,0.22314355131420976,0,0.429,6.939,34.5,2.1738535910129793,0.0,335.0,19.7,389.85,1.7732559976634952,26.6
-2.7788482724109254,40.0,0.22314355131420976,0,0.429,6.49,44.4,2.1738535910129793,0.0,335.0,19.7,396.9,1.7884205679625405,22.9
-2.5319982573218507,60.0,0.5247285289349821,0,0.411,6.579,35.9,2.371205895271833,1.3862943611198906,411.0,18.3,370.78,1.7029282555214393,24.1
-2.6249966459669243,60.0,0.5247285289349821,0,0.411,5.884,18.5,2.371205895271833,1.3862943611198906,411.0,18.3,392.33,2.052840859882657,18.6
-4.069261781854637,90.0,0.7030975114131134,0,0.41,6.728,36.1,2.495393140512136,1.6094379124341003,187.0,17.0,384.46,1.5040773967762742,30.1
-3.146322632186492,80.0,0.6471032420585384,0,0.413,5.663,21.9,2.359504033718152,1.3862943611198906,334.0,22.0,382.8,2.0856720914304723,18.2
-2.2387655802810915,80.0,0.6471032420585384,0,0.413,5.936,19.5,2.359504033718152,1.3862943611198906,334.0,22.0,376.04,1.7173950539391927,20.6
2.195329449381762,0.0,2.89591193827178,1,0.77,6.212,97.4,0.7524532864573528,3.1780538303479458,666.0,20.2,377.73,2.8678989020441064,17.8
1.347995223185688,0.0,2.89591193827178,1,0.77,6.395,91.0,0.9183685716691207,3.1780538303479458,666.0,20.2,391.34,2.5855058483441162,21.7
1.6489989522850654,0.0,2.89591193827178,1,0.77,6.127,83.4,1.0016240350184296,3.1780538303479458,666.0,20.2,395.43,2.4406063908914204,22.7
1.4495766247463249,0.0,2.89591193827178,0,0.77,6.112,81.3,0.9199241231065759,3.1780538303479458,666.0,20.2,390.74,2.5392369943330477,22.6
1.5133498301420756,0.0,2.89591193827178,0,0.77,6.398,88.0,0.9235443605854632,3.1780538303479458,666.0,20.2,374.56,2.052840859882657,25.0
1.3446491111511765,0.0,2.89591193827178,0,0.77,6.251,91.1,0.8309506847071397,3.1780538303479458,666.0,20.2,350.65,2.6525374911719513,19.9
1.3024289395101878,0.0,2.89591193827178,0,0.77,5.362,96.2,0.7436501627330522,3.1780538303479458,666.0,20.2,380.79,2.321406847234633,20.8
1.4404013184427842,0.0,2.89591193827178,1,0.77,5.803,89.0,0.6443245158623769,3.1780538303479458,666.0,20.2,353.04,2.6837575085331657,16.8
1.2453872633044583,0.0,2.89591193827178,1,0.718,8.78,82.9,0.6443245158623769,3.1780538303479458,666.0,20.2,354.55,1.665818245870208,21.9
1.5164165113762587,0.0,2.89591193827178,0,0.718,3.561,87.9,0.478219784017076,3.1780538303479458,666.0,20.2,354.7,1.9629077254238845,27.5
1.3075081553837307,0.0,2.89591193827178,0,0.718,4.963,91.4,0.5609292107322363,3.1780538303479458,666.0,20.2,316.03,2.6390573296152584,21.9
2.6043327792705377,0.0,2.89591193827178,0,0.631,3.863,100.0,0.4125069228972105,3.1780538303479458,666.0,20.2,131.42,2.5900171341906173,23.1
1.5888718738136336,0.0,2.89591193827178,0,0.631,4.97,100.0,0.2870568770578626,3.1780538303479458,666.0,20.2,375.52,1.1817271953786161,50.0
1.7351855903965792,0.0,2.89591193827178,1,0.631,6.683,96.8,0.30505528050912584,3.1780538303479458,666.0,20.2,375.33,1.3164082336557241,50.0
1.8777475450458079,0.0,2.89591193827178,1,0.631,7.016,97.5,0.18431955945662762,3.1780538303479458,666.0,20.2,392.05,1.085189268335969,50.0
2.2227082049050155,0.0,2.89591193827178,0,0.631,6.216,100.0,0.15623422203063622,3.1780538303479458,666.0,20.2,366.15,2.254444717666111,50.0
2.1123019265293976,0.0,2.89591193827178,1,0.668,5.875,89.6,0.12186358775684052,3.1780538303479458,666.0,20.2,347.88,2.1838015570040787,50.0
2.4076745719247366,0.0,2.89591193827178,0,0.668,4.906,100.0,0.16058706464794842,3.1780538303479458,666.0,20.2,396.9,3.5487549460197703,13.8
2.9176734300532927,0.0,2.89591193827178,0,0.668,4.138,100.0,0.128393214768399,3.1780538303479458,666.0,20.2,396.9,3.636796374243711,13.8
2.9759937442034943,0.0,2.89591193827178,0,0.671,7.313,97.9,0.274824770449225,3.1780538303479458,666.0,20.2,396.9,2.5982353350950036,15.0
2.727068206937972,0.0,2.89591193827178,0,0.671,6.649,93.3,0.29631966084736644,3.1780538303479458,666.0,20.2,363.02,3.1458749319837103,13.9
2.284776456376443,0.0,2.89591193827178,0,0.671,6.794,98.8,0.30601302913650447,3.1780538303479458,666.0,20.2,396.9,3.055886196373738,13.3
3.163287002104859,0.0,2.89591193827178,0,0.671,6.38,96.2,0.3264940482371704,3.1780538303479458,666.0,20.2,396.9,3.165053018170694,13.1
2.882938645078548,0.0,2.89591193827178,0,0.671,6.223,100.0,0.3264940482371704,3.1780538303479458,666.0,20.2,393.74,3.0809921175048145,10.2
4.488368918239841,0.0,2.89591193827178,0,0.671,6.968,91.9,0.3481890402884343,3.1780538303479458,666.0,20.2,396.9,2.845490610223448,10.4
2.764707748788905,0.0,2.89591193827178,0,0.671,6.545,99.1,0.41818388051593913,3.1780538303479458,666.0,20.2,396.9,3.0483247236731614,10.9
2.2177916182761837,0.0,2.89591193827178,0,0.7,5.536,100.0,0.45767797955509865,3.1780538303479458,666.0,20.2,396.9,3.1612467120315646,11.3
2.0785010996027795,0.0,2.89591193827178,0,0.7,5.52,100.0,0.4272918293342714,3.1780538303479458,666.0,20.2,396.9,3.2011191032789417,12.3
2.9999682889589208,0.0,2.89591193827178,0,0.7,4.368,91.2,0.3642958310700935,3.1780538303479458,666.0,20.2,285.83,3.421979920844684,8.8
2.8220810208075364,0.0,2.89591193827178,0,0.7,5.277,98.1,0.3549434457605842,3.1780538303479458,666.0,20.2,396.9,3.4278393126085764,7.2
3.194329001650042,0.0,2.89591193827178,0,0.7,4.652,100.0,0.3833558225200634,3.1780538303479458,666.0,20.2,396.9,3.342154841028372,10.5
3.1178215794606357,0.0,2.89591193827178,0,0.7,5.0,89.5,0.41765714887352634,3.1780538303479458,666.0,20.2,396.9,3.4654233539614268,7.4
2.6626134080936033,0.0,2.89591193827178,0,0.7,4.88,100.0,0.4634195013687203,3.1780538303479458,666.0,20.2,372.92,3.4216533902295376,10.2
2.09823140139806,0.0,2.89591193827178,0,0.7,5.39,98.9,0.547022539077809,3.1780538303479458,666.0,20.2,396.9,3.0373539482448106,11.5
1.9404883346900383,0.0,2.89591193827178,0,0.7,5.713,97.0,0.6557048850840753,3.1780538303479458,666.0,20.2,394.43,2.839663087904102,15.1
1.6663946392699258,0.0,2.89591193827178,0,0.7,6.051,82.5,0.7737128283995126,3.1780538303479458,666.0,20.2,378.38,2.9317269435780786,23.2
2.449098108549207,0.0,2.89591193827178,0,0.7,5.036,97.0,0.5709795465857378,3.1780538303479458,666.0,20.2,396.9,3.2457124788217606,9.7
2.156953357037918,0.0,2.89591193827178,0,0.693,6.193,92.6,0.582885786302408,3.1780538303479458,666.0,20.2,396.9,2.719319793360441,13.8
2.592250197936567,0.0,2.89591193827178,0,0.693,5.887,94.7,0.5777924441969166,3.1780538303479458,666.0,20.2,396.9,2.7942278973432626,12.7
2.165246462026569,0.0,2.89591193827178,0,0.693,6.471,98.8,0.5456327652713961,3.1780538303479458,666.0,20.2,391.98,2.840247370713596,13.1
1.7702038062623382,0.0,2.89591193827178,0,0.693,6.405,96.0,0.516887215144586,3.1780538303479458,666.0,20.2,396.9,2.9637254774189046,12.5
2.037579944459908,0.0,2.89591193827178,0,0.693,5.747,98.9,0.4906637319420382,3.1780538303479458,666.0,20.2,393.1,2.991724252156452,8.5
3.646801462826533,0.0,2.89591193827178,0,0.693,5.453,100.0,0.3985076275406656,3.1780538303479458,666.0,20.2,396.9,3.420673158162812,5.0
2.2942050785484422,0.0,2.89591193827178,0,0.693,5.852,77.8,0.4057317392255952,3.1780538303479458,666.0,20.2,338.16,3.4001968813285717,6.3
3.2207181267873874,0.0,2.89591193827178,0,0.693,5.987,100.0,0.4629790143087711,3.1780538303479458,666.0,20.2,396.9,3.2872818575322613,5.6
2.655788016439399,0.0,2.89591193827178,0,0.693,6.343,100.0,0.45368368037863877,3.1780538303479458,666.0,20.2,396.9,3.011605622710281,7.2
2.2613161235954014,0.0,2.89591193827178,0,0.693,6.404,100.0,0.49408629976169266,3.1780538303479458,666.0,20.2,376.11,3.011113375592293,12.1
3.2109121992086997,0.0,2.89591193827178,0,0.693,5.349,96.0,0.5322739549718603,3.1780538303479458,666.0,20.2,396.9,2.9841656371825254,8.3
3.726396794273884,0.0,2.89591193827178,0,0.693,5.531,85.4,0.47461796679648094,3.1780538303479458,666.0,20.2,329.46,3.3098128198603027,8.5
4.21834232049674,0.0,2.89591193827178,0,0.693,5.683,100.0,0.3544524760856333,3.1780538303479458,666.0,20.2,384.97,3.1346242724206097,5.0
3.030916002888473,0.0,2.89591193827178,0,0.659,4.138,100.0,0.16390297126993653,3.1780538303479458,666.0,20.2,370.22,3.15016862685841,11.9
2.4808233243503643,0.0,2.89591193827178,0,0.659,5.608,100.0,0.25091434825956627,3.1780538303479458,666.0,20.2,332.09,2.495681722955959,27.9
2.0020055377667436,0.0,2.89591193827178,0,0.597,5.617,97.9,0.3747996937972793,3.1780538303479458,666.0,20.2,314.64,3.2733640101522705,17.2
2.6698843980022766,0.0,2.89591193827178,0,0.597,6.852,100.0,0.3821964811688101,3.1780538303479458,666.0,20.2,179.36,2.984671326194566,27.5
3.9344848389972373,0.0,2.89591193827178,0,0.597,5.757,100.0,0.3457151037023904,3.1780538303479458,666.0,20.2,2.6,2.3135250330323798,15.0
2.642672216602734,0.0,2.89591193827178,0,0.597,6.657,100.0,0.4236324120636134,3.1780538303479458,666.0,20.2,35.05,3.054944133185837,17.2
2.9344418051108834,0.0,2.89591193827178,0,0.597,4.628,100.0,0.4407678998105515,3.1780538303479458,666.0,20.2,28.79,3.5371840908617425,17.9
3.35535586595285,0.0,2.89591193827178,0,0.597,5.155,100.0,0.4633565865239419,3.1780538303479458,666.0,20.2,210.97,2.9997242948235283,16.3
3.8231065421862525,0.0,2.89591193827178,0,0.693,4.519,100.0,0.5057326766999812,3.1780538303479458,666.0,20.2,88.27,3.610377225958979,7.0
2.895060747382296,0.0,2.89591193827178,0,0.679,6.434,100.0,0.6068809804025369,3.1780538303479458,666.0,20.2,27.25,3.3690184832979204,7.2
2.3827077974677526,0.0,2.89591193827178,0,0.679,6.782,90.8,0.5985617380700774,3.1780538303479458,666.0,20.2,21.57,3.2499868198932536,7.5
3.2558093089214903,0.0,2.89591193827178,0,0.679,5.304,89.1,0.49925898739452523,3.1780538303479458,666.0,20.2,127.36,3.2824138456721883,10.4
4.297749244207548,0.0,2.89591193827178,0,0.679,5.957,100.0,0.5892300671401723,3.1780538303479458,666.0,20.2,16.45,3.026261478588814,8.8
2.469141361459595,0.0,2.89591193827178,0,0.718,6.824,76.5,0.5844477636366044,3.1780538303479458,666.0,20.2,48.45,3.12412548832239,8.4
2.4058093284292976,0.0,2.89591193827178,0,0.718,6.411,100.0,0.6199849149309613,3.1780538303479458,666.0,20.2,318.75,2.7093826463359885,16.7
1.9491320958628742,0.0,2.89591193827178,0,0.718,6.006,95.3,0.6283953033302484,3.1780538303479458,666.0,20.2,319.98,2.7536607123542622,14.2
2.488915271185359,0.0,2.89591193827178,0,0.614,5.648,87.6,0.6684445679195735,3.1780538303479458,666.0,20.2,291.55,2.6461747973841225,20.8
1.9530871895177742,0.0,2.89591193827178,0,0.614,6.103,85.1,0.7039882037378201,3.1780538303479458,666.0,20.2,2.52,3.1480240838962494,13.4
2.173855865779787,0.0,2.89591193827178,0,0.584,5.565,70.6,0.7244035702104994,3.1780538303479458,666.0,20.2,3.65,2.8425810940598164,11.7
2.7638191315385248,0.0,2.89591193827178,0,0.679,5.896,95.4,0.6468937960424833,3.1780538303479458,666.0,20.2,7.68,3.194173212227829,8.3
2.5052973394357343,0.0,2.89591193827178,0,0.584,5.837,59.7,0.6919464599834264,3.1780538303479458,666.0,20.2,24.65,2.753023566744941,10.2
3.6286489733637057,0.0,2.89591193827178,0,0.679,6.202,78.7,0.6221344133135258,3.1780538303479458,666.0,20.2,18.82,2.67552700939665,10.9
1.9970254990402692,0.0,2.89591193827178,0,0.679,6.193,78.1,0.6604173559370264,3.1780538303479458,666.0,20.2,96.73,3.0689827352935835,11.0
2.2341874014951975,0.0,2.89591193827178,0,0.679,6.38,95.6,0.677119419482748,3.1780538303479458,666.0,20.2,60.72,3.1813816204406202,9.5
2.1391398522495066,0.0,2.89591193827178,0,0.584,6.348,86.1,0.7191559997409962,3.1780538303479458,666.0,20.2,83.45,2.8701690505786455,14.5
2.3087957667707584,0.0,2.89591193827178,0,0.584,6.833,94.3,0.7363024508738729,3.1780538303479458,666.0,20.2,81.33,2.9801108926510342,14.1
1.8631572244404297,0.0,2.89591193827178,0,0.584,6.425,74.8,0.7886391620191661,3.1780538303479458,666.0,20.2,97.95,2.4874035299865875,16.1
1.719380514282737,0.0,2.89591193827178,0,0.713,6.436,87.9,0.8397552001960356,3.1780538303479458,666.0,20.2,100.19,2.7862450486872667,14.3
2.6328524045363078,0.0,2.89591193827178,0,0.713,6.208,95.0,0.7984976961677712,3.1780538303479458,666.0,20.2,100.63,2.719319793360441,11.7
2.412371798604752,0.0,2.89591193827178,0,0.74,6.629,94.6,0.7536306159394559,3.1780538303479458,666.0,20.2,109.85,3.1471649773142003,13.4
2.6686716088200084,0.0,2.89591193827178,0,0.74,6.461,93.3,0.6944463362915655,3.1780538303479458,666.0,20.2,27.49,2.89314568477889,9.6
2.7197943017259636,0.0,2.89591193827178,0,0.74,6.152,100.0,0.649299780779669,3.1780538303479458,666.0,20.2,9.32,3.2752561583043085,8.7
2.6157960136595606,0.0,2.89591193827178,0,0.74,5.935,87.9,0.5991661170890513,3.1780538303479458,666.0,20.2,68.95,3.5269485869677157,8.4
2.2397123836213173,0.0,2.89591193827178,0,0.74,5.627,93.9,0.5972968549031111,3.1780538303479458,666.0,20.2,396.9,3.130263166511597,12.8
3.093362487269874,0.0,2.89591193827178,0,0.74,5.818,92.4,0.6239042778177846,3.1780538303479458,666.0,20.2,391.45,3.096029994869355,10.5
2.274615567183416,0.0,2.89591193827178,0,0.74,6.406,97.2,0.7251786513906091,3.1780538303479458,666.0,20.2,385.96,2.9714395809849465,17.1
1.7345487010764669,0.0,2.89591193827178,0,0.74,6.219,100.0,0.6955443051596668,3.1780538303479458,666.0,20.2,395.69,2.808800104202353,18.4
2.2992334826176704,0.0,2.89591193827178,0,0.74,6.485,100.0,0.6822884372250694,3.1780538303479458,666.0,20.2,386.73,2.93651291389402,15.4
2.5496248422837064,0.0,2.89591193827178,0,0.74,5.854,96.6,0.6395354111112962,3.1780538303479458,666.0,20.2,240.52,3.1692653243148663,10.8
2.3676047483679747,0.0,2.89591193827178,0,0.74,6.459,94.8,0.6870788051583386,3.1780538303479458,666.0,20.2,43.06,3.177220149599368,11.8
1.8386541873804632,0.0,2.89591193827178,0,0.74,6.341,96.4,0.7285143243972366,3.1780538303479458,666.0,20.2,318.01,2.8786365016777435,14.9
2.2950417131089202,0.0,2.89591193827178,0,0.74,6.251,96.6,0.7875478559814296,3.1780538303479458,666.0,20.2,388.52,2.799717389628034,12.6
2.2331374752685518,0.0,2.89591193827178,0,0.713,6.185,98.7,0.8160725273972436,3.1780538303479458,666.0,20.2,396.9,2.8975680247667595,14.1
2.018365020897442,0.0,2.89591193827178,0,0.713,6.417,98.3,0.7816158285475535,3.1780538303479458,666.0,20.2,304.21,2.960623096440423,13.0
1.9047488112503523,0.0,2.89591193827178,0,0.713,6.749,92.6,0.8431177071362403,3.1780538303479458,666.0,20.2,0.32,2.8587664184808337,13.4
1.6939885977369975,0.0,2.89591193827178,0,0.713,6.655,98.2,0.85662564955242,3.1780538303479458,666.0,20.2,355.29,2.8752581200861167,15.2
1.6273112288259213,0.0,2.89591193827178,0,0.713,6.297,91.8,0.8621301729147193,3.1780538303479458,666.0,20.2,385.09,2.848970892158587,16.1
2.1099816583913045,0.0,2.89591193827178,0,0.713,7.393,99.3,0.897189458571754,3.1780538303479458,666.0,20.2,375.87,2.817801065061329,17.8
2.2527255071970935,0.0,2.89591193827178,0,0.713,6.728,94.1,0.9147295138072007,3.1780538303479458,666.0,20.2,6.68,2.9290581402859983,14.9
1.5586434409821213,0.0,2.89591193827178,0,0.713,6.525,86.5,0.890275244670873,3.1780538303479458,666.0,20.2,50.92,2.8975680247667595,14.1
1.5409085049596811,0.0,2.89591193827178,0,0.713,5.976,87.9,0.9480219300356085,3.1780538303479458,666.0,20.2,10.48,2.944965156500338,12.7
2.104204883476155,0.0,2.89591193827178,0,0.713,5.936,80.3,1.0221631165047034,3.1780538303479458,666.0,20.2,3.5,2.8296776892239084,13.5
2.047980543910968,0.0,2.89591193827178,0,0.713,6.301,83.7,1.0235654143451984,3.1780538303479458,666.0,20.2,272.21,2.7868613815264998,14.9
1.9170946562051687,0.0,2.89591193827178,0,0.713,6.081,84.4,0.9997123400132274,3.1780538303479458,666.0,20.2,396.9,2.6878474937846906,20.0
1.5711398135413612,0.0,2.89591193827178,0,0.713,6.701,90.0,0.9545494439912454,3.1780538303479458,666.0,20.2,255.23,2.7985001040242823,16.4
1.3064689215086058,0.0,2.89591193827178,0,0.713,6.376,88.4,0.9427768571099817,3.1780538303479458,666.0,20.2,391.43,2.6844403354630764,17.7
1.8953564307380073,0.0,2.89591193827178,0,0.713,6.317,83.0,1.0059120333791893,3.1780538303479458,666.0,20.2,396.9,2.63834278867739,19.5
1.7614978367258425,0.0,2.89591193827178,0,0.713,6.513,89.9,1.0301906825494505,3.1780538303479458,666.0,20.2,393.82,2.331172549845958,20.2
2.059152095906768,0.0,2.89591193827178,0,0.655,6.209,65.4,1.086337257792497,3.1780538303479458,666.0,20.2,396.9,2.5817308344235403,21.4
1.1517106196631253,0.0,2.89591193827178,0,0.655,5.759,48.2,1.1205368460839014,3.1780538303479458,666.0,20.2,334.4,2.6483001966964363,19.9
1.3283950846737085,0.0,2.89591193827178,0,0.655,5.952,84.7,1.0548345413222142,3.1780538303479458,666.0,20.2,22.01,2.8419981736119486,19.0
1.4866554001954553,0.0,2.89591193827178,0,0.584,6.003,94.5,0.9322821842922008,3.1780538303479458,666.0,20.2,331.29,3.0596455992976437,19.1
2.745712007483798,0.0,2.89591193827178,0,0.58,5.926,71.0,1.0676031017937646,3.1780538303479458,666.0,20.2,368.74,2.8975680247667595,19.1
2.570709658105296,0.0,2.89591193827178,0,0.58,5.713,56.7,1.0380480816933282,3.1780538303479458,666.0,20.2,396.9,2.6919208191723265,20.1
1.4698976454871284,0.0,2.89591193827178,0,0.58,6.167,84.0,1.1096841026351594,3.1780538303479458,666.0,20.2,396.9,2.790551422613954,19.9
1.3958510501498456,0.0,2.89591193827178,0,0.532,6.229,90.7,1.1311762795413725,3.1780538303479458,666.0,20.2,395.33,2.554899021608035,19.6
1.272195779518779,0.0,2.89591193827178,0,0.58,6.437,75.0,1.0635031115545417,3.1780538303479458,666.0,20.2,393.37,2.664446563620078,23.2
1.5361981786369632,0.0,2.89591193827178,0,0.614,6.98,67.6,0.929364891361427,3.1780538303479458,666.0,20.2,374.68,2.4561641809223462,29.8
2.0863910875491882,0.0,2.89591193827178,0,0.584,5.427,95.4,0.8878089494385047,3.1780538303479458,666.0,20.2,352.58,2.8981194446869907,13.8
1.855222412138693,0.0,2.89591193827178,0,0.584,6.162,97.4,0.7911809208313108,3.1780538303479458,666.0,20.2,302.76,3.1822118404966093,13.3
1.5833834229101753,0.0,2.89591193827178,0,0.614,6.484,93.6,0.8352108198234132,3.1780538303479458,666.0,20.2,396.21,2.9274534328006965,16.7
2.7096089855662036,0.0,2.89591193827178,0,0.614,5.304,97.3,0.7422706225194976,3.1780538303479458,666.0,20.2,349.48,3.215269329274089,12.0
2.3256177921046186,0.0,2.89591193827178,0,0.614,6.185,96.7,0.7749575557575112,3.1780538303479458,666.0,20.2,379.7,2.8920370372152258,14.6
2.6626134080936033,0.0,2.89591193827178,0,0.614,6.229,88.0,0.6684445679195735,3.1780538303479458,666.0,20.2,383.32,2.5733752977756086,21.4
1.7619890279258776,0.0,2.89591193827178,0,0.532,6.242,64.7,1.2308678677885803,3.1780538303479458,666.0,20.2,396.9,2.3739750890807185,23.0
1.7419002338055392,0.0,2.89591193827178,0,0.532,6.75,74.9,1.2034826842367052,3.1780538303479458,666.0,20.2,393.07,2.046401687601636,23.7
1.7459179535187497,0.0,2.89591193827178,0,0.532,7.061,77.0,1.226888228896677,3.1780538303479458,666.0,20.2,395.28,1.9473377010464987,25.0
1.036162251794904,0.0,2.89591193827178,0,0.532,5.762,40.3,1.410572253579414,3.1780538303479458,666.0,20.2,392.92,2.343727036325221,21.8
0.8664994667703585,0.0,2.89591193827178,0,0.583,5.871,41.9,1.3147983594148207,3.1780538303479458,666.0,20.2,370.73,2.590767040487478,20.6
1.3011911623995622,0.0,2.89591193827178,0,0.583,6.312,51.9,1.384217205324691,3.1780538303479458,666.0,20.2,388.62,2.3589654264301534,21.2
1.7390177579699948,0.0,2.89591193827178,0,0.583,6.114,79.8,1.2657920064647443,3.1780538303479458,666.0,20.2,392.68,2.7067159780890733,19.1
1.5760196922108138,0.0,2.89591193827178,0,0.583,5.905,53.2,1.1481323451315006,3.1780538303479458,666.0,20.2,388.22,2.4379897300002487,20.6
-1.8914030245566522,0.0,3.3228754148866853,0,0.609,5.454,92.7,0.5993308843556605,1.3862943611198906,711.0,20.1,395.09,2.8936995479888394,15.2
-1.6962493094210638,0.0,3.3228754148866853,0,0.609,5.414,98.3,0.5626967511758802,1.3862943611198906,711.0,20.1,344.05,3.176803048446293,7.0
-1.5728167289784551,0.0,3.3228754148866853,0,0.609,5.093,98.0,0.6002640530798894,1.3862943611198906,711.0,20.1,318.43,3.39047341829918,8.1
-2.2467720281748327,0.0,3.3228754148866853,0,0.609,5.983,98.8,0.624921871564379,1.3862943611198906,711.0,20.1,390.11,2.8942531046041373,13.6
-2.195346342324447,0.0,3.3228754148866853,0,0.609,5.983,83.5,0.7466405529999453,1.3862943611198906,711.0,20.1,396.9,2.5915163848462583,20.1
-1.7526733805208532,0.0,2.2710944259026746,0,0.585,5.707,54.0,0.8678145184170403,1.791759469228055,391.0,19.2,396.9,2.485739636091892,21.8
-1.2745025705164632,0.0,2.2710944259026746,0,0.585,5.926,42.6,0.8678145184170403,1.791759469228055,391.0,19.2,396.9,2.6093342281630525,24.5
-1.7204253406237284,0.0,2.2710944259026746,0,0.585,5.67,28.8,1.0291192921394758,1.791759469228055,391.0,19.2,393.29,2.8678989020441064,23.1
-1.2392546184705757,0.0,2.2710944259026746,0,0.585,5.39,72.9,1.0291192921394758,1.791759469228055,391.0,19.2,396.9,3.051166980442092,19.7
-1.3153513923093252,0.0,2.2710944259026746,0,0.585,5.794,70.6,1.0621903220341422,1.791759469228055,391.0,19.2,396.9,2.6461747973841225,18.3
-1.4307897610064548,0.0,2.2710944259026746,0,0.585,6.019,65.3,0.8792532337715917,1.791759469228055,391.0,19.2,396.9,2.558776498354456,21.2
-1.726927241226568,0.0,2.2710944259026746,0,0.585,5.569,73.5,0.8754270698191536,1.791759469228055,391.0,19.2,395.77,2.714694743820879,17.5
-1.4944142358653183,0.0,2.2710944259026746,0,0.585,6.027,79.7,0.9155704725496719,1.791759469228055,391.0,19.2,396.9,2.6623552418400807,16.8
-2.7705108824448157,0.0,2.4790562361098245,0,0.573,6.593,69.1,0.9076938846486369,0.0,273.0,21.0,391.99,2.269028309465203,22.4
-3.09511071753427,0.0,2.4790562361098245,0,0.573,6.12,76.7,0.8274595181675394,0.0,273.0,21.0,396.9,2.206074192613202,20.6
-2.800823601254565,0.0,2.4790562361098245,0,0.573,6.976,91.0,0.7735744296725598,0.0,273.0,21.0,396.9,1.7298840655099674,23.9
-2.211009149506836,0.0,2.4790562361098245,0,0.573,6.794,89.3,0.8708330089493718,0.0,273.0,21.0,393.45,1.8687205103641833,22.0
-3.04892210206811,0.0,2.4790562361098245,0,0.573,6.03,80.8,0.9182887345368281,0.0,273.0,21.0,396.9,2.064327903869788,11.9
